nome;cpf
Camila Rodrigues;353.277.147-05
Marcos Ferreira;474.206.446-16
Patrícia Gomes;435.028.362-56
Lucas Martins;928.100.204-34
Aline Barbosa;405.369.987-87
Rafael Ribeiro;386.928.689-06
Beatriz Carvalho;429.337.807-39
Eduardo Nunes;980.447.394-16
Larissa Mendes;767.355.917-04
Gustavo Moreira;384.240.308-93
Mariana Rocha;003.683.159-08
Felipe Araújo;369.824.127-76
Renata Teixeira;292.649.202-26
Bruno Cardoso;948.958.154-20
Isabela Freitas;135.180.789-76
Thiago Monteiro;853.410.172-85
Vanessa Castro;652.435.950-04
Diego Fernandes;029.098.010-04
Priscila Duarte;092.883.073-03
Rodrigo Batista;271.905.776-29
Natália Correia;643.487.010-83
Henrique Vieira;709.741.497-99